,URL,MaxPossibleScrapedReviews,RestaurantReviewActual,RatedExcellent,RatedVery_good,RatedAverage,RatedPoor,RatedTerrible
0,https://www.tripadvisor.co.uk/Restaurant_Review-g186337-d13156622-Reviews-Cantina_e_Cucina-Liverpool_Merseyside_England.html,159,159,136,15,5,1,2
1,https://www.tripadvisor.co.uk/Restaurant_Review-g186337-d5247383-Reviews-Ma_Boyle_s_Alehouse_Eatery-Liverpool_Merseyside_England.html,587,586,322,160,42,30,22
2,https://www.tripadvisor.co.uk/Restaurant_Review-g186337-d6413394-Reviews-Bacaro-Liverpool_Merseyside_England.html,0,200,"1,553",355,87,35,14
3,https://www.tripadvisor.co.uk/ShowUserReviews-g209958-d14350526-r692989022-Epirus_Greek_Restaurant-Birkenhead_Wirral_Merseyside_England.html,193,100,,,,,
4,https://www.tripadvisor.co.uk/Restaurant_Review-g186337-d11800120-Reviews-Neighbourhood-Liverpool_Merseyside_England.html,875,873,585,102,47,54,85
5,https://www.tripadvisor.co.uk/Restaurant_Review-g186337-d795805-Reviews-MEET_Argentinian_Restaurant-Liverpool_Merseyside_England.html,0,200,652,261,104,52,46
6,https://www.tripadvisor.co.uk/Restaurant_Review-g186337-d12833183-Reviews-Malmo_Mat-Liverpool_Merseyside_England.html,86,82,70,11,1,0,0
7,https://www.tripadvisor.co.uk/Restaurant_Review-g186337-d5500837-Reviews-The_Smugglers_Cove_Liverpool_Bar_Restaurant-Liverpool_Merseyside_England.html,0,200,"1,439",745,343,194,210
8,https://www.tripadvisor.co.uk/Restaurant_Review-g186337-d731160-Reviews-Gusto_Liverpool-Liverpool_Merseyside_England.html,0,200,"2,278","1,142",475,215,168
9,https://www.tripadvisor.co.uk/Restaurant_Review-g1096784-d8845488-Reviews-Bromborough_Pool_Garden_Centre-Bromborough_Wirral_Merseyside_England.html,21,21,20,1,0,0,0
10,https://www.tripadvisor.co.uk/Restaurant_Review-g186337-d14077338-Reviews-Lucy_in_the_Sky_Liverpool-Liverpool_Merseyside_England.html,291,293,252,12,5,0,4
11,https://www.tripadvisor.co.uk/Restaurant_Review-g186337-d14100376-Reviews-Maggie_Fu-Liverpool_Merseyside_England.html,469,469,385,25,16,15,28
12,https://www.tripadvisor.co.uk/Restaurant_Review-g186337-d11796375-Reviews-Spice_Thai-Liverpool_Merseyside_England.html,304,301,215,40,8,10,18
13,https://www.tripadvisor.co.uk/Restaurant_Review-g186337-d13273687-Reviews-Belzan-Liverpool_Merseyside_England.html,166,162,136,16,5,3,2
14,https://www.tripadvisor.co.uk/Restaurant_Review-g2549600-d8594911-Reviews-Happy_Garden-Bebington_Wirral_Merseyside_England.html,20,20,13,5,2,0,0
15,https://www.tripadvisor.co.uk/Restaurant_Review-g186337-d5998696-Reviews-Frederiks-Liverpool_Merseyside_England.html,478,471,306,96,30,17,22
16,https://www.tripadvisor.co.uk/ShowUserReviews-g186337-d17802667-r794385842-The_No_9_Bar_and_Restaurant-Liverpool_Merseyside_England.html,118,60,,,,,
17,https://www.tripadvisor.co.uk/ShowUserReviews-g186337-d2693528-r827369976-Liverpool_One_Bridewell_Bar_And_Restaurant-Liverpool_Merseyside_England.html,342,175,,,,,
18,https://www.tripadvisor.co.uk/Restaurant_Review-g186337-d2715507-Reviews-Rococo_Coffee_House-Liverpool_Merseyside_England.html,852,856,567,192,34,13,10
19,https://www.tripadvisor.co.uk/Restaurant_Review-g209958-d14350526-Reviews-Epirus_Greek_Restaurant-Birkenhead_Wirral_Merseyside_England.html,194,192,130,18,12,15,17
20,https://www.tripadvisor.co.uk/Restaurant_Review-g186337-d12612472-Reviews-Down_The_Hatch-Liverpool_Merseyside_England.html,426,422,304,61,27,16,14
21,https://www.tripadvisor.co.uk/RestaurantSearch-g2549600-oa150-a_geobroaden.true-Bebington_Wirral_Merseyside_England.html,0,0,,,,,
22,https://www.tripadvisor.co.uk/Restaurant_Review-g186337-d1093796-Reviews-The_Italian_Club-Liverpool_Merseyside_England.html,881,883,495,214,71,26,27
23,https://www.tripadvisor.co.uk/Restaurant_Review-g186337-d1917227-Reviews-Viva_Brazil-Liverpool_Merseyside_England.html,0,200,"1,263",425,186,110,95
24,https://www.tripadvisor.co.uk/Restaurant_Review-g186337-d13434415-Reviews-Love_Lane_Brewery_Bar_and_Kitchen-Liverpool_Merseyside_England.html,154,151,102,27,11,5,6
25,https://www.tripadvisor.co.uk/Restaurant_Review-g209958-d13110486-Reviews-Joro_Vegan_Eatery-Birkenhead_Wirral_Merseyside_England.html,73,73,64,7,1,1,0
26,https://www.tripadvisor.co.uk/ShowUserReviews-g186337-d9758180-r823285974-The_Club_House_L1_Bar_Restaurant-Liverpool_Merseyside_England.html,0,100,,,,,
27,https://www.tripadvisor.co.uk/Restaurant_Review-g186337-d4028455-Reviews-The_Railway-Liverpool_Merseyside_England.html,409,408,289,79,16,8,6
28,https://www.tripadvisor.co.uk/Restaurant_Review-g186337-d3676353-Reviews-Bold_Street_Coffee-Liverpool_Merseyside_England.html,449,445,279,85,46,15,10
29,https://www.tripadvisor.co.uk/RestaurantSearch-g2549600-oa30-a_geobroaden.true-Bebington_Wirral_Merseyside_England.html,0,0,,,,,
30,https://www.tripadvisor.co.uk/Restaurant_Review-g186337-d1591024-Reviews-Cafe_Latino-Liverpool_Merseyside_England.html,606,607,417,96,23,16,45
31,https://www.tripadvisor.co.uk/Restaurant_Review-g186337-d795815-Reviews-Villa_Romana-Liverpool_Merseyside_England.html,967,968,581,209,70,33,45
32,https://www.tripadvisor.co.uk/Restaurant_Review-g186337-d1973175-Reviews-Bem_Brasil-Liverpool_Merseyside_England.html,0,200,734,378,161,76,76
33,https://www.tripadvisor.co.uk/ShowUserReviews-g186337-d18980966-r838684829-Lu_Ban_Bar_and_Restaurant-Liverpool_Merseyside_England.html,323,165,,,,,
34,https://www.tripadvisor.co.uk/Restaurant_Review-g1076967-d3865020-Reviews-Port_Sunlight_Museum_Tea_Rooms-Port_Sunlight_Wirral_Merseyside_England.html,119,119,37,53,19,4,6
35,https://www.tripadvisor.co.uk/Restaurant_Review-g186337-d19418223-Reviews-Six_by_Nico-Liverpool_Merseyside_England.html,372,371,251,54,29,20,17
36,https://www.tripadvisor.co.uk/ShowUserReviews-g209958-d14350526-r725023893-Epirus_Greek_Restaurant-Birkenhead_Wirral_Merseyside_England.html,194,100,,,,,
37,https://www.tripadvisor.co.uk/Restaurant_Review-g186337-d10065998-Reviews-Turtle_Bay_Liverpool_Hanover_Street-Liverpool_Merseyside_England.html,0,200,"1,599",219,70,48,45
38,https://www.tripadvisor.co.uk/ShowUserReviews-g186337-d1126525-r836152919-Panam_Restaurant_And_Bar-Liverpool_Merseyside_England.html,0,100,,,,,
39,https://www.tripadvisor.co.uk/Restaurant_Review-g186337-d19642539-Reviews-Potts_Coffee-Liverpool_Merseyside_England.html,78,78,74,3,0,0,1
40,https://www.tripadvisor.co.uk/Restaurant_Review-g186337-d17630342-Reviews-Albert_s_Schenke-Liverpool_Merseyside_England.html,402,406,282,59,30,12,13
41,https://www.tripadvisor.co.uk/Restaurant_Review-g186337-d2277612-Reviews-Hanover_Street_Social-Liverpool_Merseyside_England.html,0,200,"1,500",567,154,60,39
42,https://www.tripadvisor.co.uk/Restaurant_Review-g1096784-d7893333-Reviews-Harvester-Bromborough_Wirral_Merseyside_England.html,503,503,223,80,50,62,88
43,https://www.tripadvisor.co.uk/Restaurant_Review-g1096782-d3664861-Reviews-Isabelle_s_Tea_Cakes-Heswall_Wirral_Merseyside_England.html,277,277,222,41,9,3,2
44,https://www.tripadvisor.co.uk/Restaurant_Review-g186337-d12255534-Reviews-Pho-Liverpool_Merseyside_England.html,335,334,199,67,27,18,13
45,https://www.tripadvisor.co.uk/ShowUserReviews-g2139048-d1599554-r823493885-Cowshed_Restaurant-Raby_Wirral_Merseyside_England.html,412,210,,,,,
46,https://www.tripadvisor.co.uk/Restaurant_Review-g186337-d1011370-Reviews-Bella_Italia-Liverpool_Merseyside_England.html,0,200,847,339,206,156,200
47,https://www.tripadvisor.co.uk/Restaurant_Review-g2549600-d3171365-Reviews-Sunlight_Restaurant_Bar-Bebington_Wirral_Merseyside_England.html,421,429,243,69,38,24,45
48,https://www.tripadvisor.co.uk/Restaurant_Review-g186337-d2528182-Reviews-Paolo_Donato_s_Deli-Liverpool_Merseyside_England.html,285,280,173,48,14,4,11
49,https://www.tripadvisor.co.uk/Restaurant_Review-g186337-d17751851-Reviews-Mason_s-Liverpool_Merseyside_England.html,354,353,305,19,12,6,11
50,https://www.tripadvisor.co.uk/Restaurant_Review-g209958-d3470369-Reviews-Benricks-Birkenhead_Wirral_Merseyside_England.html,166,166,113,34,11,5,3
51,https://www.tripadvisor.co.uk/Restaurant_Review-g186337-d10480792-Reviews-Chamber_36_City_Centre-Liverpool_Merseyside_England.html,824,823,665,94,28,12,14
52,https://www.tripadvisor.co.uk/Restaurant_Review-g186337-d12302518-Reviews-Shiraz_Palace-Liverpool_Merseyside_England.html,0,200,"1,305",159,43,19,17
53,https://www.tripadvisor.co.uk/Restaurant_Review-g186337-d12090449-Reviews-Cowshed-Liverpool_Merseyside_England.html,0,200,"1,248",112,41,12,6
54,https://www.tripadvisor.co.uk/Restaurant_Review-g186337-d17802667-Reviews-The_No_9_Bar_and_Restaurant-Liverpool_Merseyside_England.html,118,118,108,5,2,1,2
55,https://www.tripadvisor.co.uk/Restaurant_Review-g186337-d8780844-Reviews-Turtle_Bay_Liverpool_Victoria_Street-Liverpool_Merseyside_England.html,0,200,"1,249",236,67,37,62
56,https://www.tripadvisor.co.uk/Restaurant_Review-g186337-d15432717-Reviews-Rudy_s_Neapolitan_Pizza_Castle_Street-Liverpool_Merseyside_England.html,687,530,550,43,27,18,17
57,https://www.tripadvisor.co.uk/ShowUserReviews-g186337-d10635008-r836013461-Sanskruti_Restaurant-Liverpool_Merseyside_England.html,439,220,,,,,
58,https://www.tripadvisor.co.uk/Restaurant_Review-g186337-d3603132-Reviews-Brasco_Lounge-Liverpool_Merseyside_England.html,810,800,498,186,43,32,31
59,https://www.tripadvisor.co.uk/Restaurant_Review-g186337-d2540768-Reviews-Big_Bowl_Noodle_Bar-Liverpool_Merseyside_England.html,588,588,351,131,36,17,23
60,https://www.tripadvisor.co.uk/ShowUserReviews-g186337-d12827197-r828680837-Aldente_Restaurant_Bar-Liverpool_Merseyside_England.html,741,375,,,,,
61,https://www.tripadvisor.co.uk/Restaurant_Review-g186337-d10809804-Reviews-Key_Lime_Coffee-Liverpool_Merseyside_England.html,211,219,163,25,7,9,5
62,https://www.tripadvisor.co.uk/RegistrationController?flow=sign_up_and_save&returnTo=%2FRestaurantSearch-g2549600-oa60-a_geobroaden.true-Bebington_Wirral_Merseyside_England.html&fullscreen=true&flowOrigin=login&hideNavigation=true&isLithium=true,0,0,,,,,
63,https://www.tripadvisor.co.uk/Restaurant_Review-g186337-d13340121-Reviews-Roski-Liverpool_Merseyside_England.html,367,365,301,31,21,4,8
64,https://www.tripadvisor.co.uk/Restaurant_Review-g186337-d2436069-Reviews-Flanagans_Apple-Liverpool_Merseyside_England.html,540,532,265,121,39,18,29
65,https://www.tripadvisor.co.uk/Restaurant_Review-g1096782-d12583128-Reviews-Silk_Rd-Heswall_Wirral_Merseyside_England.html,603,600,458,78,32,20,12
66,https://www.tripadvisor.co.uk/ShowUserReviews-g186337-d10485568-r688875606-Jam_Restaurant-Liverpool_Merseyside_England.html,432,220,,,,,
67,https://www.tripadvisor.co.uk/ShowUserReviews-g186337-d8773510-r829266609-The_Bastion_Bar_Restaurant-Liverpool_Merseyside_England.html,912,460,,,,,
68,https://www.tripadvisor.co.uk/Restaurant_Review-g186337-d4893772-Reviews-OH_ME_OH_MY-Liverpool_Merseyside_England.html,443,441,256,105,42,23,15
69,https://www.tripadvisor.co.uk/Restaurant_Review-g209958-d4055821-Reviews-Georgio_s_Fish_Chips-Birkenhead_Wirral_Merseyside_England.html,108,108,78,20,4,3,3
70,https://www.tripadvisor.co.uk/Restaurant_Review-g186337-d23397383-Reviews-Brasserie_Loup-Liverpool_Merseyside_England.html,47,47,45,2,0,0,0
71,https://www.tripadvisor.co.uk/Restaurant_Review-g186337-d10713404-Reviews-Elif-Liverpool_Merseyside_England.html,0,200,"2,952",188,29,18,32
72,https://www.tripadvisor.co.uk/Restaurant_Review-g186337-d4039757-Reviews-The_Fly_in_the_Loaf-Liverpool_Merseyside_England.html,306,307,174,83,25,6,9
73,https://www.tripadvisor.co.uk/Restaurant_Review-g186337-d14989275-Reviews-Festival_Food_and_Drink-Liverpool_Merseyside_England.html,575,574,399,52,21,6,6
74,https://www.tripadvisor.co.uk/ShowUserReviews-g186337-d5500837-r789995562-The_Smugglers_Cove_Liverpool_Bar_Restaurant-Liverpool_Merseyside_England.html,0,100,,,,,
75,https://www.tripadvisor.co.uk/Restaurant_Review-g186337-d8507494-Reviews-Rough_Hand_Made-Liverpool_Merseyside_England.html,243,249,211,20,4,2,2
76,https://www.tripadvisor.co.uk/Restaurant_Review-g209958-d2163888-Reviews-Oxton_Bar_and_Kitchen-Birkenhead_Wirral_Merseyside_England.html,372,372,215,72,28,29,28
77,https://www.tripadvisor.co.uk/Restaurant_Review-g186337-d1315174-Reviews-Elif-Liverpool_Merseyside_England.html,759,757,526,141,37,18,25
78,https://www.tripadvisor.co.uk/Restaurant_Review-g186337-d829195-Reviews-Maranto_s_Restaurant-Liverpool_Merseyside_England.html,575,570,307,162,48,32,21
79,https://www.tripadvisor.co.uk/ShowUserReviews-g186337-d9758180-r814271221-The_Club_House_L1_Bar_Restaurant-Liverpool_Merseyside_England.html,0,100,,,,,
80,https://www.tripadvisor.co.uk/Restaurant_Review-g186337-d19527481-Reviews-Jimmy_s_Liverpool-Liverpool_Merseyside_England.html,188,188,166,10,7,3,2
81,https://www.tripadvisor.co.uk/Restaurant_Review-g186337-d11546998-Reviews-Castle_St_Townhouse-Liverpool_Merseyside_England.html,472,478,299,72,41,23,33
82,https://www.tripadvisor.co.uk/Restaurant_Review-g1096784-d15701391-Reviews-The_Turkish_BBQ_prev_Med_Kitchen_Brom-Bromborough_Wirral_Merseyside_England.html,224,223,185,16,4,8,10
83,https://www.tripadvisor.co.uk/ShowUserReviews-g2139048-d1599554-r828633539-Cowshed_Restaurant-Raby_Wirral_Merseyside_England.html,412,210,,,,,
84,https://www.tripadvisor.co.uk/Restaurant_Review-g209958-d8278640-Reviews-Noya_Restaurant-Birkenhead_Wirral_Merseyside_England.html,733,731,643,57,13,11,7
85,https://www.tripadvisor.co.uk/ShowUserReviews-g186337-d1205012-r828641037-Etsu_Japanese_Restaurant-Liverpool_Merseyside_England.html,0,100,,,,,
86,https://www.tripadvisor.co.uk/RegistrationController?flow=sign_up_and_save&returnTo=%2FRestaurantSearch-g2549600-a_geobroaden.true-Bebington_Wirral_Merseyside_England.html&fullscreen=true&flowOrigin=login&hideNavigation=true&isLithium=true,0,0,,,,,
87,https://www.tripadvisor.co.uk/Restaurant_Review-g186337-d7112132-Reviews-Rumi_By_Bukhara-Liverpool_Merseyside_England.html,352,354,257,49,16,9,13
88,https://www.tripadvisor.co.uk/Restaurant_Review-g186337-d8261888-Reviews-Mrs_Danvers_Bakery-Liverpool_Merseyside_England.html,170,167,140,14,8,3,2
89,https://www.tripadvisor.co.uk/Restaurant_Review-g186337-d19330285-Reviews-Smoke_Dough-Liverpool_Merseyside_England.html,624,622,503,47,21,21,30
90,https://www.tripadvisor.co.uk/ShowUserReviews-g186337-d18980966-r835809449-Lu_Ban_Bar_and_Restaurant-Liverpool_Merseyside_England.html,324,165,,,,,
91,https://www.tripadvisor.co.uk/Restaurant_Review-g186337-d18719875-Reviews-Slim_s-Liverpool_Merseyside_England.html,305,303,241,20,18,12,12
92,https://www.tripadvisor.co.uk/Restaurant_Review-g186337-d12728441-Reviews-Petit_Cafe_Du_Coin-Liverpool_Merseyside_England.html,114,119,88,17,1,1,2
93,https://www.tripadvisor.co.uk/Restaurant_Review-g209958-d3562780-Reviews-Strummers-Birkenhead_Wirral_Merseyside_England.html,68,68,65,1,2,0,0
94,https://www.tripadvisor.co.uk/Restaurant_Review-g186337-d1400946-Reviews-Las_Iguanas-Liverpool_Merseyside_England.html,0,200,996,384,167,73,76
95,https://www.tripadvisor.co.uk/Restaurant_Review-g186337-d9758180-Reviews-The_Club_House_L1_Bar_Restaurant-Liverpool_Merseyside_England.html,0,200,700,249,133,104,88
96,https://www.tripadvisor.co.uk/Restaurant_Review-g186337-d794637-Reviews-Bistro_Pierre-Liverpool_Merseyside_England.html,0,200,733,341,103,56,61
97,https://www.tripadvisor.co.uk/Restaurant_Review-g186337-d18917230-Reviews-La_Famiglia-Liverpool_Merseyside_England.html,279,277,229,14,8,8,8
98,https://www.tripadvisor.co.uk/Restaurant_Review-g209958-d752119-Reviews-Sawasdee-Birkenhead_Wirral_Merseyside_England.html,224,223,173,33,12,2,3
99,https://www.tripadvisor.co.uk/Restaurant_Review-g186337-d5162507-Reviews-The_Blackburne_Gastropub_Hotel-Liverpool_Merseyside_England.html,601,600,452,69,33,16,20
100,https://www.tripadvisor.co.uk/Restaurant_Review-g209958-d10536825-Reviews-Sukhothai_Thai_Restaurant_Wirral-Birkenhead_Wirral_Merseyside_England.html,100,100,93,3,3,1,0
101,https://www.tripadvisor.co.uk/Restaurant_Review-g186337-d731159-Reviews-Il_Forno-Liverpool_Merseyside_England.html,0,200,"1,150",424,208,110,101
102,https://www.tripadvisor.co.uk/RegistrationController?flow=sign_up_and_save&returnTo=%2FRestaurantSearch-g2549600-oa150-a_geobroaden.true-Bebington_Wirral_Merseyside_England.html&fullscreen=true&flowOrigin=login&hideNavigation=true&isLithium=true,0,0,,,,,
103,https://www.tripadvisor.co.uk/Restaurant_Review-g186337-d14077208-Reviews-Greek_Taverna_Bold_Street-Liverpool_Merseyside_England.html,0,200,"1,461",101,32,14,5
104,https://www.tripadvisor.co.uk/Restaurant_Review-g186337-d7159517-Reviews-Manhattan_Bar_and_Grill-Liverpool_Merseyside_England.html,0,200,"1,022",219,76,38,43
105,https://www.tripadvisor.co.uk/Restaurant_Review-g209958-d1089675-Reviews-Villa_Venezia-Birkenhead_Wirral_Merseyside_England.html,309,308,166,63,33,26,20
106,https://www.tripadvisor.co.uk/Restaurant_Review-g2549600-d7006785-Reviews-The_Travellers_Rest-Bebington_Wirral_Merseyside_England.html,91,91,56,14,7,7,7
107,https://www.tripadvisor.co.uk/Restaurant_Review-g186337-d13753701-Reviews-Mays_Thai_Kitchen-Liverpool_Merseyside_England.html,60,60,60,0,0,0,0
108,https://www.tripadvisor.co.uk/Restaurant_Review-g186337-d17624816-Reviews-Honest_Burgers_Liverpool-Liverpool_Merseyside_England.html,132,136,91,21,6,4,4
109,https://www.tripadvisor.co.uk/Restaurant_Review-g186337-d2266655-Reviews-EastzEast-Liverpool_Merseyside_England.html,0,200,986,325,179,102,145
110,https://www.tripadvisor.co.uk/Restaurant_Review-g186337-d7119231-Reviews-The_Art_School-Liverpool_Merseyside_England.html,0,200,"1,548",189,73,36,10
111,https://www.tripadvisor.co.uk/Restaurant_Review-g2549600-d8797688-Reviews-Gorge_Us-Bebington_Wirral_Merseyside_England.html,55,55,38,9,1,2,5
112,https://www.tripadvisor.co.uk/Restaurant_Review-g186337-d11908113-Reviews-Yard_Coop-Liverpool_Merseyside_England.html,0,200,800,170,77,40,28
113,https://www.tripadvisor.co.uk/Restaurant_Review-g2280500-d2280502-Reviews-Basset_Hound-Thingwall_Wirral_Merseyside_England.html,613,612,331,119,55,62,45
114,https://www.tripadvisor.co.uk/Restaurant_Review-g186337-d21290591-Reviews-Lerpwl-Liverpool_Merseyside_England.html,136,136,121,5,4,1,5
115,https://www.tripadvisor.co.uk/Restaurant_Review-g3767364-d4067520-Reviews-Caernarvon_Castle-Prenton_Wirral_Merseyside_England.html,452,452,258,73,37,38,46
116,https://www.tripadvisor.co.uk/Restaurant_Review-g186337-d7886011-Reviews-Dale_Street_Kitchen_bar_by_Shino-Liverpool_Merseyside_England.html,851,859,690,83,22,6,8
117,https://www.tripadvisor.co.uk/ShowUserReviews-g186337-d1126525-r836562622-Panam_Restaurant_And_Bar-Liverpool_Merseyside_England.html,0,100,,,,,
118,https://www.tripadvisor.co.uk/Restaurant_Review-g186337-d7282351-Reviews-Chy-Liverpool_Merseyside_England.html,925,928,592,185,76,25,30
119,https://www.tripadvisor.co.uk/Restaurant_Review-g186337-d2385411-Reviews-Academy_Restaurant-Liverpool_Merseyside_England.html,195,193,153,25,11,2,2
120,https://www.tripadvisor.co.uk/Restaurant_Review-g186337-d11829477-Reviews-Mowgli_Street_Food_Water_Street-Liverpool_Merseyside_England.html,0,200,"1,230",284,134,65,47
121,https://www.tripadvisor.co.uk/Restaurant_Review-g186337-d5254806-Reviews-Trattoria_51-Liverpool_Merseyside_England.html,0,200,887,228,81,38,35
122,https://www.tripadvisor.co.uk/Restaurant_Review-g186337-d10485568-Reviews-Jam_Restaurant-Liverpool_Merseyside_England.html,432,430,307,48,32,20,23
123,https://www.tripadvisor.co.uk/RegistrationController?flow=sign_up_and_save&returnTo=%2FRestaurantSearch-g2549600-oa120-a_geobroaden.true-Bebington_Wirral_Merseyside_England.html&fullscreen=true&flowOrigin=login&hideNavigation=true&isLithium=true,0,0,,,,,
124,https://www.tripadvisor.co.uk/Restaurant_Review-g1076968-d1135134-Reviews-Mezze-Wallasey_Wirral_Merseyside_England.html,347,347,274,58,11,2,2
125,https://www.tripadvisor.co.uk/RestaurantSearch-g2549600-oa90-a_geobroaden.true-Bebington_Wirral_Merseyside_England.html,0,0,,,,,
126,https://www.tripadvisor.co.uk/Restaurant_Review-g186337-d15583943-Reviews-Frost_Burgers-Liverpool_Merseyside_England.html,91,91,77,7,6,0,1
127,https://www.tripadvisor.co.uk/Restaurant_Review-g186337-d22869577-Reviews-German_Doner_Kebab_Liverpool-Liverpool_Merseyside_England.html,363,363,327,15,5,3,13
128,https://www.tripadvisor.co.uk/Restaurant_Review-g186337-d7265530-Reviews-NYL_Restaurant_Cocktail_Bar-Liverpool_Merseyside_England.html,606,605,381,91,49,36,38
129,https://www.tripadvisor.co.uk/RestaurantSearch-g2549600-oa180-a_geobroaden.true-Bebington_Wirral_Merseyside_England.html,0,0,,,,,
130,https://www.tripadvisor.co.uk/Restaurant_Review-g186337-d13497645-Reviews-La_Parrilla_Mexican_Bar_Grill-Liverpool_Merseyside_England.html,0,200,"2,398",115,37,35,40
131,https://www.tripadvisor.co.uk/Restaurant_Review-g186337-d5443168-Reviews-Milo_Lounge-Liverpool_Merseyside_England.html,497,495,222,124,72,48,29
132,https://www.tripadvisor.co.uk/Restaurant_Review-g186337-d8773510-Reviews-The_Bastion_Bar_Restaurant-Liverpool_Merseyside_England.html,912,915,661,99,57,34,54
133,https://www.tripadvisor.co.uk/Restaurant_Review-g186337-d19170337-Reviews-Fogo_Brazil_bar_grill-Liverpool_Merseyside_England.html,525,524,428,24,12,4,6
134,https://www.tripadvisor.co.uk/Restaurant_Review-g3767364-d20252373-Reviews-Elixir_Oxton-Prenton_Wirral_Merseyside_England.html,112,112,96,3,5,5,3
135,https://www.tripadvisor.co.uk/ShowUserReviews-g186337-d795805-r736313039-MEET_Argentinian_Restaurant-Liverpool_Merseyside_England.html,0,100,,,,,
136,https://www.tripadvisor.co.uk/Restaurant_Review-g186337-d2485452-Reviews-Shiraz_BBQ-Liverpool_Merseyside_England.html,0,200,"1,485",307,58,16,34
137,https://www.tripadvisor.co.uk/Restaurant_Review-g186337-d19579647-Reviews-China_Dina-Liverpool_Merseyside_England.html,136,136,110,14,7,3,2
138,https://www.tripadvisor.co.uk/ShowUserReviews-g186337-d2693528-r824456071-Liverpool_One_Bridewell_Bar_And_Restaurant-Liverpool_Merseyside_England.html,342,175,,,,,
139,https://www.tripadvisor.co.uk/Restaurant_Review-g186337-d5244456-Reviews-Casa_Italia-Liverpool_Merseyside_England.html,0,200,"1,621",370,159,70,101
140,https://www.tripadvisor.co.uk/Restaurant_Review-g2139048-d1599554-Reviews-Cowshed_Restaurant-Raby_Wirral_Merseyside_England.html,412,412,230,107,35,29,11
141,https://www.tripadvisor.co.uk/ShowUserReviews-g2549600-d3171365-r727574040-Sunlight_Restaurant_Bar-Bebington_Wirral_Merseyside_England.html,421,215,,,,,
142,https://www.tripadvisor.co.uk/Restaurant_Review-g186337-d15606293-Reviews-Kassap_Meat_House-Liverpool_Merseyside_England.html,549,541,412,32,26,18,23
143,https://www.tripadvisor.co.uk/Restaurant_Review-g1096784-d4240860-Reviews-Pesto_at_The_Dibbinsdale_inn-Bromborough_Wirral_Merseyside_England.html,427,426,263,102,33,16,12
144,https://www.tripadvisor.co.uk/RegistrationController?flow=sign_up_and_save&returnTo=%2FRestaurantSearch-g2549600-oa30-a_geobroaden.true-Bebington_Wirral_Merseyside_England.html&fullscreen=true&flowOrigin=login&hideNavigation=true&isLithium=true,0,0,,,,,
145,https://www.tripadvisor.co.uk/Restaurant_Review-g2549600-d4794641-Reviews-Alam_Balti-Bebington_Wirral_Merseyside_England.html,82,82,49,13,3,7,10
146,https://www.tripadvisor.co.uk/Restaurant_Review-g186337-d19235075-Reviews-The_Bridewell-Liverpool_Merseyside_England.html,70,70,67,3,0,0,0
147,https://www.tripadvisor.co.uk/ShowUserReviews-g186337-d5500837-r795693344-The_Smugglers_Cove_Liverpool_Bar_Restaurant-Liverpool_Merseyside_England.html,0,100,,,,,
148,https://www.tripadvisor.co.uk/Restaurant_Review-g2549600-d13120965-Reviews-La_Luce_Del_Sole-Bebington_Wirral_Merseyside_England.html,66,66,55,5,1,3,2
149,https://www.tripadvisor.co.uk/Restaurant_Review-g1076967-d10522852-Reviews-Blooming_Skull_Coffee-Port_Sunlight_Wirral_Merseyside_England.html,69,69,58,7,1,1,2
150,https://www.tripadvisor.co.uk/Restaurant_Review-g186337-d13827597-Reviews-Pippin_s_Corner-Liverpool_Merseyside_England.html,680,678,615,36,10,9,8
151,https://www.tripadvisor.co.uk/Restaurant_Review-g186337-d19409648-Reviews-Christakis-Liverpool_Merseyside_England.html,498,499,448,13,14,6,8
152,https://www.tripadvisor.co.uk/RestaurantSearch-g2549600-oa120-a_geobroaden.true-Bebington_Wirral_Merseyside_England.html,0,0,,,,,
153,https://www.tripadvisor.co.uk/Restaurant_Review-g186337-d775203-Reviews-Sultan_s_Palace-Liverpool_Merseyside_England.html,536,534,319,99,44,27,35
154,https://www.tripadvisor.co.uk/Restaurant_Review-g186337-d12949585-Reviews-Yukti_Indian_Street_Fusion-Liverpool_Merseyside_England.html,580,571,458,66,8,7,12
155,https://www.tripadvisor.co.uk/Restaurant_Review-g186337-d23584244-Reviews-Rudy_s_Neapolitan_Pizza_Bold_Street-Liverpool_Merseyside_England.html,201,207,169,17,6,2,3
156,https://www.tripadvisor.co.uk/ShowUserReviews-g1076968-d15611195-r837562297-Poseidon_Restaurant-Wallasey_Wirral_Merseyside_England.html,227,115,,,,,
157,https://www.tripadvisor.co.uk/Restaurant_Review-g186337-d11813078-Reviews-Cosy_Club-Liverpool_Merseyside_England.html,832,834,432,202,92,50,38
158,https://www.tripadvisor.co.uk/ShowUserReviews-g209958-d10536825-r832933498-Sukhothai_Thai_Restaurant_Wirral-Birkenhead_Wirral_Merseyside_England.html,100,50,,,,,
159,https://www.tripadvisor.co.uk/ShowUserReviews-g186337-d12827197-r827855105-Aldente_Restaurant_Bar-Liverpool_Merseyside_England.html,741,375,,,,,
160,https://www.tripadvisor.co.uk/Restaurant_Review-g186337-d2693528-Reviews-Liverpool_One_Bridewell_Bar_And_Restaurant-Liverpool_Merseyside_England.html,342,340,203,82,27,10,8
161,https://www.tripadvisor.co.uk/Restaurant_Review-g186337-d1853026-Reviews-Salt_House-Liverpool_Merseyside_England.html,0,200,"1,665",674,179,76,51
162,https://www.tripadvisor.co.uk/Restaurant_Review-g2549600-d15535910-Reviews-Jays_Bistro-Bebington_Wirral_Merseyside_England.html,36,36,34,0,0,1,1
163,https://www.tripadvisor.co.uk/Restaurant_Review-g186337-d12682893-Reviews-Puffin_Rooms_Liverpool-Liverpool_Merseyside_England.html,262,268,216,20,11,6,5
164,https://www.tripadvisor.co.uk/Restaurant_Review-g186337-d4092653-Reviews-Free_State_Kitchen-Liverpool_Merseyside_England.html,599,593,374,154,47,13,5
165,https://www.tripadvisor.co.uk/RestaurantSearch-g2549600-oa210-a_geobroaden.true-Bebington_Wirral_Merseyside_England.html,0,0,,,,,
166,https://www.tripadvisor.co.uk/RegistrationController?flow=sign_up_and_save&returnTo=%2FRestaurantSearch-g2549600-oa180-a_geobroaden.true-Bebington_Wirral_Merseyside_England.html&fullscreen=true&flowOrigin=login&hideNavigation=true&isLithium=true,0,0,,,,,
167,https://www.tripadvisor.co.uk/Restaurant_Review-g2549600-d19507951-Reviews-Muzzys_Breakfast_House-Bebington_Wirral_Merseyside_England.html,35,35,20,5,7,0,3
